Time,break,Start/Stop,TimeStamp,break,Left,break,Right,Duration
12:31:11,*****,Started Session,*****
12:31:49,*****,Sensor Broken,*****
,,,12:31:49,,  46.04,,  59.54,0.048
,,,12:31:50,,  40.47,,  59.43,1.102
12:31:51,*****,Sensor Made,*****
12:31:53,*****,Sensor Broken,*****
,,,12:31:53,,  37.51,,  63.96,0.032
,,,12:31:54,,  32.87,,  69.31,1.085
12:31:55,*****,Sensor Made,*****
12:31:55,*****,Sensor Broken,*****
12:31:55,*****,Sensor Made,*****
12:31:55,*****,Sensor Broken,*****
,,,12:31:55,,  28.18,,  70.21,0.032
12:31:55,*****,Sensor Made,*****
12:33:55,*****,Sensor Broken,*****
,,,12:33:55,,  43.09,,  58.73,0.049
12:33:55,*****,Sensor Made,*****
12:33:56,*****,Sensor Broken,*****
,,,12:33:56,,  43.09,,  58.73,0.016
,,,12:33:56,,  43.09,,  58.73,0.032
12:33:56,*****,Sensor Made,*****
12:33:57,*****,Sensor Broken,*****
,,,12:33:57,,  46.45,,  50.70,0.049
12:33:57,*****,Sensor Made,*****
12:33:57,*****,Sensor Broken,*****
,,,12:33:57,,  48.41,,  49.66,0.048
,,,12:33:58,,  31.88,,  66.44,1.085
,,,12:33:59,,  21.49,,  73.08,2.105
,,,12:34:00,,  29.11,,  66.56,3.126
12:34:01,*****,Sensor Made,*****
12:34:01,*****,Sensor Broken,*****
,,,12:34:01,,  28.34,,  62.35,0.031
,,,12:34:02,,  33.50,,  65.31,1.085
,,,12:34:03,,  39.09,,  59.40,2.089
,,,12:34:04,,  42.66,,  54.58,3.094
,,,12:34:05,,  47.25,,  50.42,4.083
,,,12:34:06,,  51.74,,  45.94,5.088
12:34:07,*****,Sensor Made,*****
12:34:11,*****,Sensor Broken,*****
,,,12:34:11,,  42.22,,  62.52,0.048
,,,12:34:12,,  42.59,,  54.12,1.117
12:34:13,*****,Sensor Made,*****
12:34:13,*****,Sensor Broken,*****
,,,12:34:13,,  42.59,,  54.12,0.016
,,,12:34:13,,  42.59,,  54.12,0.032
12:34:13,*****,Sensor Made,*****
12:34:13,*****,Sensor Broken,*****
,,,12:34:13,,  42.59,,  54.12,0.033
,,,12:34:14,,  41.75,,  56.26,1.086
12:34:15,*****,Sensor Made,*****
12:34:17,*****,Sensor Broken,*****
,,,12:34:17,,  57.70,,  49.75,0.049
,,,12:34:19,,  43.48,,  58.78,1.101
,,,12:34:20,,  28.06,,  68.51,2.113
,,,12:34:21,,  32.08,,  64.55,3.11
12:34:21,*****,Sensor Made,*****
12:34:24,*****,Sensor Broken,*****
,,,12:34:24,,  46.32,,  58.63,0.048
12:34:24,*****,Sensor Made,*****
12:34:24,*****,Sensor Broken,*****
,,,12:34:25,,  43.96,,  60.03,0.032
,,,12:34:26,,  57.66,,  41.43,1.085
,,,12:34:27,,  52.71,,  42.39,2.09
,,,12:34:28,,  50.03,,  43.66,3.119
,,,12:34:29,,  48.82,,  42.54,4.084
,,,12:34:30,,  48.27,,  42.30,5.105
,,,12:34:31,,  48.25,,  42.40,6.11
,,,12:34:32,,  48.09,,  42.16,7.09
,,,12:34:33,,  49.06,,  40.76,8.104
,,,12:34:34,,  49.90,,  39.52,9.116
,,,12:34:35,,  51.21,,  37.36,10.098
,,,12:34:36,,  50.51,,  38.76,11.11
12:34:36,*****,Sensor Made,*****
12:34:41,*****,Sensor Broken,*****
,,,12:34:41,,  50.51,,  38.76,0.032
12:34:42,*****,Sensor Made,*****
12:34:42,*****,Sensor Broken,*****
,,,12:34:42,,  50.51,,  38.76,0.048
,,,12:34:43,,  19.56,,  82.41,1.117
,,,12:34:44,,  20.66,,  80.57,2.13
12:34:44,*****,Sensor Made,*****
12:36:06,*****,Sensor Broken,*****
,,,12:36:06,,  20.66,,  80.57,0.048
,,,12:36:07,,  22.26,,  80.43,1.101
,,,12:36:08,,  12.03,,  87.39,2.122
,,,12:36:09,,  15.77,,  82.01,3.127
,,,12:36:10,,  40.73,,  61.10,4.1
,,,12:36:11,,  54.58,,  47.86,5.121
,,,12:36:12,,  54.66,,  47.39,6.095
,,,12:36:13,,  51.34,,  51.41,7.116
,,,12:36:14,,  35.28,,  66.42,8.137
,,,12:36:15,,  32.70,,  69.18,9.141
,,,12:36:16,,  27.44,,  74.57,10.115
,,,12:36:17,,  35.80,,  67.89,11.135
,,,12:36:18,,  39.01,,  63.84,12.14
12:36:19,*****,Sensor Made,*****
12:36:19,*****,Sensor Broken,*****
,,,12:36:19,,  39.01,,  63.84,0.016
,,,12:36:19,,  39.01,,  63.84,0.032
,,,12:36:20,,  44.17,,  57.81,1.101
,,,12:36:21,,  40.15,,  62.21,2.121
12:36:22,*****,Sensor Made,*****
12:36:22,*****,Sensor Broken,*****
,,,12:36:22,,  45.14,,  57.02,0.049
12:36:22,*****,Sensor Made,*****
12:36:23,*****,Sensor Broken,*****
,,,12:36:23,,  45.44,,  56.62,0.049
12:36:23,*****,Sensor Made,*****
12:36:23,*****,Sensor Broken,*****
,,,12:36:23,,  45.44,,  56.62,0.016
,,,12:36:23,,  45.44,,  56.62,0.032
12:36:24,*****,Sensor Made,*****
12:36:24,*****,Sensor Broken,*****
,,,12:36:24,,  49.91,,  51.66,0.049
,,,12:36:25,,  48.47,,  52.42,1.101
12:36:25,*****,Sensor Made,*****
12:36:25,*****,Sensor Broken,*****
,,,12:36:25,,  48.47,,  52.42,0.016
,,,12:36:25,,  48.47,,  52.42,0.032
12:36:26,*****,Sensor Made,*****
12:36:26,*****,Sensor Broken,*****
,,,12:36:26,,  48.13,,  53.39,0.048
,,,12:36:27,,  39.22,,  62.25,1.101
12:36:27,*****,Sensor Made,*****
12:36:27,*****,Sensor Broken,*****
,,,12:36:27,,  39.22,,  62.25,0.048
,,,12:36:28,,  40.97,,  58.56,1.101
12:36:29,*****,Sensor Made,*****
12:36:49,*****,Sensor Broken,*****
,,,12:36:49,,  34.88,,  69.13,0.047
,,,12:36:51,,  29.47,,  70.76,1.101
,,,12:36:52,,  44.82,,  52.15,2.129
,,,12:36:53,,  58.63,,  40.96,3.127
,,,12:36:54,,  39.13,,  61.12,4.107
,,,12:36:55,,  41.95,,  55.67,5.12
,,,12:36:56,,  42.56,,  54.06,6.133
,,,12:36:57,,  43.61,,  52.96,7.115
,,,12:36:58,,  44.07,,  52.55,8.128
,,,12:36:59,,  43.69,,  52.12,9.125
,,,12:37:00,,  44.60,,  51.14,10.122
,,,12:37:01,,  45.37,,  51.96,11.12
,,,12:37:02,,  45.84,,  50.54,12.101
,,,12:37:03,,  45.91,,  49.82,13.114
,,,12:37:04,,  45.32,,  50.16,14.143
,,,12:37:05,,  45.54,,  49.67,15.109
,,,12:37:06,,  45.96,,  49.36,16.13
,,,12:37:07,,  46.77,,  49.44,17.135
,,,12:37:08,,  46.87,,  48.32,18.115
,,,12:37:09,,  45.31,,  50.47,19.128
,,,12:37:10,,  43.69,,  52.98,20.14
,,,12:37:11,,  43.34,,  52.36,21.122
,,,12:37:12,,  43.76,,  51.55,22.134
,,,12:37:13,,  44.28,,  53.61,23.115
,,,12:37:14,,  41.62,,  58.26,24.127
,,,12:37:15,,  26.54,,  74.99,25.124
12:37:15,*****,Sensor Made,*****
12:37:15,*****,Sensor Broken,*****
,,,12:37:15,,  43.77,,  58.72,0.048
,,,12:37:17,,  47.05,,  53.73,1.101
12:37:17,*****,Sensor Made,*****
12:37:17,*****,Sensor Broken,*****
,,,12:37:17,,  47.05,,  53.73,0.016
,,,12:37:17,,  47.05,,  53.73,0.032
,,,12:37:18,,  51.66,,  50.28,1.085
12:37:19,*****,Sensor Made,*****
12:37:19,*****,Sensor Broken,*****
,,,12:37:19,,  51.66,,  50.28,0.049
12:37:19,*****,Sensor Made,*****
12:37:19,*****,Sensor Broken,*****
,,,12:37:19,,  51.66,,  50.28,0.032
12:37:19,*****,Sensor Made,*****
12:37:20,*****,Sensor Broken,*****
,,,12:37:20,,  52.63,,  48.56,0.033
12:37:20,*****,Sensor Made,*****
12:37:21,*****,Sensor Broken,*****
,,,12:37:21,,  52.63,,  48.56,0.017
,,,12:37:21,,  52.63,,  48.56,0.032
,,,12:37:22,,  48.28,,  52.70,1.093
12:37:22,*****,Sensor Made,*****
12:37:22,*****,Sensor Broken,*****
,,,12:37:23,,  48.28,,  52.70,0.017
,,,12:37:23,,  48.28,,  52.70,0.032
12:37:23,*****,Sensor Made,*****
12:37:23,*****,Sensor Broken,*****
,,,12:37:23,,  48.28,,  52.70,0.017
,,,12:37:23,,  48.28,,  52.70,0.032
,,,12:37:24,,  53.18,,  48.50,1.084
,,,12:37:25,,  53.69,,  47.45,2.09
,,,12:37:26,,  46.49,,  53.14,3.095
,,,12:37:27,,  47.94,,  50.51,4.084
,,,12:37:28,,  46.01,,  52.16,5.089
,,,12:37:29,,  43.55,,  53.97,6.094
12:37:30,*****,Sensor Made,*****
12:37:30,*****,Sensor Broken,*****
,,,12:37:30,,  43.55,,  53.97,0.016
,,,12:37:30,,  43.55,,  53.97,0.032
12:37:31,*****,Sensor Made,*****
12:37:31,*****,Sensor Broken,*****
,,,12:37:31,,  43.00,,  52.77,0.033
12:37:31,*****,Sensor Made,*****
12:37:31,*****,Sensor Broken,*****
12:37:31,*****,Sensor Made,*****
12:37:31,*****,Sensor Broken,*****
,,,12:37:31,,  43.60,,  52.16,0.032
12:37:31,*****,Sensor Made,*****
12:37:32,*****,Sensor Broken,*****
,,,12:37:32,,  43.60,,  52.16,0.033
,,,12:37:33,,  43.58,,  50.69,1.086
,,,12:37:34,,  48.40,,  51.06,2.098
12:37:34,*****,Sensor Made,*****
12:37:36,*****,Sensor Broken,*****
,,,12:37:36,,  48.40,,  51.06,0.032
,,,12:37:37,,  58.07,,  43.63,1.085
12:37:38,*****,Sensor Made,*****
12:37:38,*****,Sensor Broken,*****
,,,12:37:38,,  50.88,,  50.70,0.049
,,,12:37:39,,  53.37,,  48.34,1.102
,,,12:37:40,,  53.11,,  50.62,2.107
,,,12:37:41,,  45.21,,  56.62,3.112
,,,12:37:42,,  47.61,,  54.08,4.101
12:37:42,*****,Sensor Made,*****
12:37:44,*****,Sensor Broken,*****
,,,12:37:44,,  55.31,,  48.37,0.032
,,,12:37:46,,  54.20,,  48.09,1.093
,,,12:37:47,,  60.93,,  34.26,2.106
12:37:47,*****,Sensor Made,*****
12:37:48,*****,Sensor Broken,*****
,,,12:37:48,,  60.93,,  34.26,0.049
,,,12:37:49,,  47.59,,  50.35,1.1
,,,12:37:50,,  52.69,,  45.59,2.106
,,,12:37:51,,  52.27,,  45.14,3.111
12:37:51,*****,Sensor Made,*****
12:37:52,*****,Sensor Broken,*****
,,,12:37:52,,  48.07,,  46.86,0.032
12:37:52,*****,Sensor Made,*****
12:37:53,*****,Sensor Broken,*****
,,,12:37:53,,  43.86,,  52.66,0.033
12:37:53,*****,Sensor Made,*****
12:37:54,*****,Sensor Broken,*****
,,,12:37:54,,  33.83,,  54.70,0.033
12:37:54,*****,Sensor Made,*****
12:37:54,*****,Sensor Broken,*****
12:37:54,*****,Sensor Made,*****
12:37:54,*****,Sensor Broken,*****
,,,12:37:54,,  33.83,,  33.83,0.032
12:37:54,*****,Sensor Made,*****
12:37:54,*****,Sensor Broken,*****
,,,12:37:54,,  33.83,,  54.70,0.049
,,,12:37:55,,  53.97,,  37.44,1.101
,,,12:37:57,,  75.76,,   0.07,2.107
,,,12:37:58,,  71.27,,   0.77,3.136
,,,12:37:59,,  61.60,,  28.54,4.102
,,,12:38:00,,  58.72,,  39.13,5.115
,,,12:38:00,,  57.62,,  40.07,6.097
12:38:01,*****,Sensor Made,*****
12:38:01,*****,Sensor Broken,*****
,,,12:38:01,,  56.61,,  47.93,0.031
12:38:02,*****,Sensor Made,*****
12:38:02,*****,Sensor Broken,*****
,,,12:38:02,,  57.10,,  48.31,0.032
,,,12:38:03,,  58.17,,  36.44,1.086
,,,12:38:04,,  56.60,,  45.48,2.091
,,,12:38:05,,  56.58,,  45.13,3.096
,,,12:38:06,,  57.55,,  37.30,4.085
,,,12:38:07,,  53.70,,  49.17,5.09
12:38:07,*****,Sensor Made,*****
12:38:10,*****,Sensor Broken,*****
,,,12:38:10,,  75.99,,  25.99,0.048
,,,12:38:11,,  65.36,,  30.80,1.085
12:38:12,*****,Sensor Made,*****
12:38:12,*****,Sensor Broken,*****
12:38:12,*****,Sensor Made,*****
12:38:12,*****,Sensor Broken,*****
,,,12:38:12,,  56.32,,6.32,0.033
,,,12:38:13,,  56.09,,  38.53,1.101
12:38:14,*****,Sensor Made,*****
12:40:12,*****,Sensor Broken,*****
,,,12:40:12,,  50.07,,  52.79,0.048
,,,12:40:13,,  58.90,,  43.79,1.1
,,,12:40:14,,  39.18,,  61.58,2.113
,,,12:40:15,,  43.78,,  57.37,3.094
,,,12:40:16,,  44.75,,  54.56,4.107
,,,12:40:17,,  45.65,,  52.52,5.104
,,,12:40:18,,  46.06,,  51.99,6.101
,,,12:40:19,,  47.05,,  53.15,7.099
,,,12:40:20,,  55.86,,  44.09,8.104
,,,12:40:21,,  56.05,,  41.74,9.093
12:40:21,*****,Sensor Made,*****
12:40:22,*****,Sensor Broken,*****
,,,12:40:22,,  53.98,,  50.95,0.032
,,,12:40:23,,  54.07,,  50.41,1.093
,,,12:40:24,,  48.89,,  55.10,2.106
,,,12:40:25,,  47.40,,  55.44,3.079
,,,12:40:26,,  45.53,,  57.70,4.1
,,,12:40:28,,  51.01,,  52.62,5.113
,,,12:40:28,,  56.19,,  46.43,6.078
12:40:29,*****,Sensor Made,*****
12:40:33,*****,Sensor Broken,*****
,,,12:40:33,,  49.57,,  51.57,0.047
,,,12:40:34,,  50.75,,  50.46,1.103
,,,12:40:35,,  56.18,,  45.56,2.107
,,,12:40:36,,  60.27,,  41.55,3.103
,,,12:40:37,,  53.94,,  45.88,4.1
,,,12:40:38,,  41.37,,  55.42,5.112
12:40:38,*****,Sensor Made,*****
12:40:39,*****,Sensor Broken,*****
,,,12:40:39,,  48.85,,  51.42,0.048
,,,12:40:40,,  56.28,,  40.80,1.103
,,,12:40:41,,  50.85,,  48.85,2.105
12:40:41,*****,Sensor Made,*****
12:40:43,*****,Sensor Broken,*****
,,,12:40:43,,  72.77,,  27.15,0.032
,,,12:40:44,,  64.51,,  37.08,1.125
12:40:44,*****,Sensor Made,*****
12:40:44,*****,Sensor Broken,*****
,,,12:40:44,,  64.51,,  37.08,0.016
,,,12:40:44,,  64.51,,  37.08,0.032
,,,12:40:45,,  46.84,,  56.90,1.085
,,,12:40:46,,  53.16,,  50.40,2.098
12:40:46,*****,Sensor Made,*****
12:40:46,*****,Sensor Broken,*****
12:40:46,*****,Sensor Made,*****
12:40:46,*****,Sensor Broken,*****
,,,12:40:47,,  55.05,,  47.99,0.049
12:40:47,*****,Sensor Made,*****
12:40:47,*****,Sensor Broken,*****
,,,12:40:47,,  55.05,,  47.99,0.049
12:40:47,*****,Sensor Made,*****
12:40:47,*****,Sensor Broken,*****
,,,12:40:47,,  55.05,,  47.99,0.033
,,,12:40:48,,  64.27,,  31.77,1.085
12:40:49,*****,Sensor Made,*****
12:40:50,*****,Sensor Broken,*****
,,,12:40:50,,  48.92,,  52.17,0.047
12:40:51,*****,Sensor Made,*****
12:40:51,*****,Sensor Broken,*****
,,,12:40:51,,  43.77,,  59.62,0.033
12:40:51,*****,Sensor Made,*****
12:40:53,*****,Sensor Broken,*****
,,,12:40:53,,  43.77,,  59.62,0.016
12:40:53,*****,Sensor Made,*****
12:40:53,*****,Sensor Broken,*****
,,,12:40:53,,  40.54,,  38.94,0.049
,,,12:40:54,,  36.71,,  50.30,1.109
12:40:55,*****,Sensor Made,*****
12:40:55,*****,Sensor Broken,*****
,,,12:40:55,,  36.71,,  50.30,0.017
,,,12:40:55,,  36.71,,  50.30,0.033
,,,12:40:56,,  47.51,,  56.63,1.086
,,,12:40:57,,  49.61,,  54.41,2.098
12:40:58,*****,Sensor Made,*****
12:43:45,*****,Sensor Broken,*****
,,,12:43:45,,  16.64,,  85.60,0.047
,,,12:43:46,,  27.72,,  74.97,1.123
,,,12:43:47,,  28.02,,  69.67,2.105
,,,12:43:48,,  39.70,,  58.22,3.11
,,,12:43:49,,  41.83,,  56.81,4.098
,,,12:43:50,,  43.17,,  55.50,5.111
,,,12:43:51,,  43.67,,  55.30,6.108
,,,12:43:52,,  43.77,,  54.67,7.097
,,,12:43:53,,  44.51,,  53.51,8.102
,,,12:43:54,,  44.44,,  52.15,9.115
,,,12:43:55,,  44.80,,  52.30,10.096
,,,12:43:56,,  45.17,,  51.99,11.101
,,,12:43:57,,  44.36,,  53.28,12.09
12:43:58,*****,Sensor Made,*****
12:44:01,*****,Sensor Broken,*****
,,,12:44:01,,  44.36,,  53.28,0.02
,,,12:44:01,,  44.36,,  53.28,0.032
,,,12:44:02,,  42.89,,  57.78,1.086
,,,12:44:03,,  38.34,,  58.31,2.091
,,,12:44:04,,  42.16,,  53.97,3.098
,,,12:44:05,,  43.84,,  51.97,4.087
12:44:05,*****,Sensor Made,*****
12:44:06,*****,Sensor Broken,*****
,,,12:44:06,,  44.05,,  50.29,0.048
,,,12:44:07,,  44.64,,  51.51,1.118
,,,12:44:08,,  51.21,,  48.42,2.107
12:44:08,*****,Sensor Made,*****
12:44:14,*****,Sensor Broken,*****
,,,12:44:14,,  50.66,,  53.87,0.049
,,,12:44:15,,  47.27,,  56.62,1.086
,,,12:44:16,,  49.83,,  49.43,2.115
12:44:16,*****,Sensor Made,*****
12:44:19,*****,Sensor Broken,*****
,,,12:44:19,,  56.61,,  48.91,0.034
12:44:19,*****,Sensor Made,*****
12:44:20,*****,Sensor Broken,*****
,,,12:44:20,,  56.61,,  48.91,0.047
,,,12:44:21,,  61.89,,  39.73,1.117
,,,12:44:22,,  51.10,,  37.77,2.123
12:44:23,*****,Sensor Made,*****
12:44:23,*****,Sensor Broken,*****
,,,12:44:23,,  51.10,,  37.77,0.017
12:44:23,*****,Sensor Made,*****
12:44:23,*****,Sensor Broken,*****
,,,12:44:23,,  51.10,,  37.77,0.033
,,,12:44:24,,  51.25,,  46.28,1.085
,,,12:44:25,,  54.12,,  44.67,2.09
,,,12:44:26,,  56.41,,  43.26,3.103
,,,12:44:27,,  57.77,,  43.45,4.084
12:44:27,*****,Sensor Made,*****
12:44:30,*****,Sensor Broken,*****
,,,12:44:30,,  57.77,,  43.45,0.017
,,,12:44:30,,  57.77,,  43.45,0.033
12:44:31,*****,Sensor Made,*****
12:44:31,*****,Sensor Broken,*****
,,,12:44:31,,  54.80,,  49.88,0.047
,,,12:44:32,,  47.24,,  51.01,1.101
,,,12:44:33,,  42.11,,  55.71,2.106
,,,12:44:34,,  44.35,,  50.80,3.094
12:44:35,*****,Sensor Made,*****
12:44:35,*****,Sensor Broken,*****
,,,12:44:35,,  45.11,,  46.82,0.049
12:44:36,*****,Sensor Made,*****
12:44:36,*****,Sensor Broken,*****
,,,12:44:36,,  45.11,,  46.82,0.048
,,,12:44:37,,  50.75,,  41.06,1.1
,,,12:44:38,,  25.55,,  50.90,2.105
,,,12:44:39,,   0.03,,  38.77,3.127
,,,12:44:40,,-  0.02,,  41.04,4.099
,,,12:44:41,,   0.83,,  70.24,5.104
,,,12:44:42,,   5.19,,  74.98,6.142
,,,12:44:43,,  17.53,,  69.87,7.098
,,,12:44:44,,  41.26,,  56.95,8.103
,,,12:44:45,,  44.34,,  53.39,9.14
,,,12:44:46,,  44.76,,  52.56,10.096
12:44:47,*****,Sensor Made,*****
12:44:47,*****,Sensor Broken,*****
,,,12:44:47,,  46.63,,  52.94,0.032
,,,12:44:49,,  48.75,,  53.62,1.086
,,,12:44:50,,  49.26,,  55.71,2.098
,,,12:44:51,,  46.78,,  57.84,3.111
,,,12:44:52,,  50.03,,  54.64,4.092
12:44:52,*****,Sensor Made,*****
12:44:52,*****,Sensor Broken,*****
,,,12:44:52,,  48.24,,  56.27,0.049
12:44:53,*****,Sensor Made,*****
12:44:53,*****,Sensor Broken,*****
,,,12:44:53,,  48.24,,  56.27,0.017
,,,12:44:53,,  48.24,,  56.27,0.032
12:44:53,*****,Sensor Made,*****
12:44:53,*****,Sensor Broken,*****
,,,12:44:53,,  47.70,,  56.27,0.032
12:44:54,*****,Sensor Made,*****
12:44:54,*****,Sensor Broken,*****
,,,12:44:54,,  47.70,,  56.27,0.047
12:44:54,*****,Sensor Made,*****
12:44:55,*****,Sensor Broken,*****
,,,12:44:55,,  49.42,,  47.38,0.033
12:44:55,*****,Sensor Made,*****
12:44:58,*****,Sensor Broken,*****
12:44:58,*****,Sensor Made,*****
12:44:58,*****,Sensor Broken,*****
,,,12:44:58,,  54.24,,  35.19,0.033
12:44:59,*****,Sensor Made,*****
12:44:59,*****,Sensor Broken,*****
,,,12:44:59,,  54.24,,  35.19,0.017
,,,12:44:59,,  54.24,,  35.19,0.032
12:44:59,*****,Sensor Made,*****
12:44:59,*****,Sensor Broken,*****
,,,12:44:59,,  54.24,,  36.86,0.048
12:44:59,*****,Sensor Made,*****
12:45:00,*****,Sensor Broken,*****
,,,12:45:00,,  47.24,,  47.44,0.048
,,,12:45:01,,  50.28,,  45.69,1.101
12:45:02,*****,Sensor Made,*****
12:45:40,*****,Sensor Broken,*****
,,,12:45:41,,  50.28,,  45.69,0.02
,,,12:45:41,,  50.28,,  45.69,0.032
,,,12:45:42,,  57.84,,  47.34,1.085
,,,12:45:43,,  37.53,,  65.95,2.089
,,,12:45:44,,  40.70,,  63.55,3.086
,,,12:45:45,,  40.49,,  62.75,4.083
,,,12:45:46,,  41.41,,  61.38,5.104
,,,12:45:47,,  41.19,,  61.11,6.077
12:45:47,*****,Sensor Made,*****
12:45:48,*****,Sensor Broken,*****
,,,12:45:48,,  38.49,,  64.74,0.048
,,,12:45:49,,  40.11,,  65.18,1.085
12:45:50,*****,Sensor Made,*****
12:45:50,*****,Sensor Broken,*****
,,,12:45:50,,  40.11,,  65.18,0.033
,,,12:45:51,,  36.79,,  69.58,1.086
12:45:51,*****,Sensor Made,*****
12:45:51,*****,Sensor Broken,*****
,,,12:45:51,,  36.79,,  69.58,0.016
,,,12:45:51,,  36.79,,  69.58,0.033
12:45:51,*****,Sensor Made,*****
12:45:52,*****,Sensor Broken,*****
,,,12:45:53,,  36.74,,  68.66,0.033
,,,12:45:54,,  34.02,,  70.76,1.085
,,,12:45:55,,  29.06,,  76.12,2.09
,,,12:45:56,,  34.14,,  67.88,3.119
,,,12:45:57,,  33.88,,  67.41,4.084
,,,12:45:58,,  28.72,,  70.58,5.113
12:45:58,*****,Sensor Made,*****
12:45:58,*****,Sensor Broken,*****
,,,12:45:58,,  28.72,,  70.58,0.033
,,,12:45:59,,  33.26,,  66.35,1.085
,,,12:46:00,,  26.81,,  72.59,2.107
,,,12:46:01,,  32.81,,  64.63,3.112
,,,12:46:02,,  28.16,,  66.83,4.085
,,,12:46:03,,  26.91,,  67.29,5.106
,,,12:46:04,,  26.87,,  68.60,6.111
,,,12:46:05,,  24.78,,  70.68,7.084
12:46:05,*****,Sensor Made,*****
12:46:06,*****,Sensor Broken,*****
,,,12:46:06,,  21.11,,  72.96,0.048
,,,12:46:07,,  42.23,,  60.41,1.102
12:46:07,*****,Sensor Made,*****
12:46:12,*****,Sensor Broken,*****
,,,12:46:12,,  42.23,,  60.41,0.047
,,,12:46:13,,  60.78,,  41.23,1.101
,,,12:46:14,,  54.85,,  39.16,2.106
,,,12:46:15,,  37.06,,  55.96,3.095
12:46:16,*****,Sensor Made,*****
12:46:16,*****,Sensor Broken,*****
,,,12:46:16,,  37.06,,  55.96,0.032
12:46:17,*****,Sensor Made,*****
12:46:17,*****,Sensor Broken,*****
,,,12:46:17,,  44.52,,  57.06,0.033
12:46:17,*****,Sensor Made,*****
12:46:17,*****,Sensor Broken,*****
,,,12:46:17,,  44.52,,  57.06,0.049
12:46:18,*****,Sensor Made,*****
12:50:45,*****,Sensor Broken,*****
,,,12:50:45,,  44.52,,  57.06,0.017
,,,12:50:45,,  44.52,,  57.06,0.03
,,,12:50:46,,  44.75,,  59.66,1.084
,,,12:50:47,,  48.16,,  53.95,2.09
,,,12:50:48,,  56.57,,  44.41,3.079
,,,12:50:49,,  65.00,,  35.29,4.084
,,,12:50:50,,  66.56,,  31.88,5.088
,,,12:50:51,,  66.16,,  32.15,6.077
,,,12:50:52,,  67.73,,  31.29,7.082
,,,12:50:53,,  69.75,,  29.54,8.103
,,,12:50:54,,  71.39,,  28.48,9.108
,,,12:50:55,,  72.55,,  26.89,10.081
,,,12:50:56,,  74.42,,  25.44,11.101
,,,12:50:57,,  76.36,,  22.85,12.106
,,,12:50:58,,  73.95,,  27.30,13.095
,,,12:50:59,,  74.61,,  26.11,14.099
,,,12:51:00,,  78.23,,  22.52,15.105
,,,12:51:01,,  79.93,,  21.63,16.094
,,,12:51:02,,  82.20,,  20.10,17.099
,,,12:51:03,,  84.45,,  17.46,18.103
12:51:04,*****,Sensor Made,*****
12:51:06,*****,Sensor Broken,*****
,,,12:51:06,,  84.45,,  17.46,0.032
,,,12:51:07,,  87.07,,  20.96,1.085
,,,12:51:08,,  59.12,,  43.34,2.09
12:51:09,*****,Sensor Made,*****
12:51:12,*****,Sensor Broken,*****
,,,12:51:12,,  59.12,,  43.34,0.033
,,,12:51:13,,  51.72,,  54.46,1.085
,,,12:51:14,,  46.69,,  52.92,2.091
,,,12:51:15,,  52.40,,  48.86,3.081
,,,12:51:16,,  49.03,,  51.20,4.093
,,,12:51:17,,  49.36,,  50.02,5.091
,,,12:51:18,,  45.37,,  54.97,6.082
12:51:18,*****,Sensor Made,*****
12:51:19,*****,Sensor Broken,*****
,,,12:51:19,,  48.53,,  56.74,0.033
12:51:19,*****,Sensor Made,*****
12:51:19,*****,Sensor Broken,*****
,,,12:51:19,,  48.53,,  56.74,0.032
,,,12:51:20,,  46.54,,  59.46,1.085
,,,12:51:21,,  41.14,,  65.79,2.092
,,,12:51:22,,  36.66,,  70.26,3.08
12:51:22,*****,Sensor Made,*****
12:51:23,*****,Sensor Broken,*****
,,,12:51:24,,  36.66,,  70.26,0.032
,,,12:51:25,,  38.50,,  66.04,1.086
,,,12:51:26,,  54.17,,  51.11,2.091
,,,12:51:27,,  53.14,,  53.72,3.08
,,,12:51:28,,  53.33,,  53.96,4.093
,,,12:51:29,,  56.25,,  51.71,5.091
12:51:29,*****,Sensor Made,*****
12:51:31,*****,Sensor Broken,*****
,,,12:51:31,,  56.25,,  51.71,0.048
,,,12:51:32,,  57.58,,  48.73,1.101
,,,12:51:33,,  57.10,,  51.65,2.107
,,,12:51:34,,  59.64,,  48.60,3.096
,,,12:51:35,,  60.09,,  47.81,4.101
,,,12:51:36,,  60.37,,  47.49,5.105
,,,12:51:37,,  59.57,,  48.57,6.094
,,,12:51:38,,  60.43,,  47.28,7.099
,,,12:51:39,,  59.96,,  48.10,8.105
12:51:39,*****,Sensor Made,*****
12:51:42,*****,Sensor Broken,*****
,,,12:51:42,,  63.87,,  41.42,0.047
,,,12:51:43,,  54.86,,  50.66,1.101
,,,12:51:44,,  57.72,,  50.74,2.106
,,,12:51:45,,  58.08,,  50.03,3.095
,,,12:51:46,,  60.39,,  47.29,4.099
,,,12:51:47,,  62.25,,  45.72,5.104
12:51:47,*****,Sensor Made,*****
12:51:49,*****,Sensor Broken,*****
,,,12:51:49,,  57.09,,  50.38,0.032
,,,12:51:50,,  56.10,,  49.94,1.093
,,,12:51:51,,  48.62,,  55.29,2.09
,,,12:51:52,,  44.51,,  58.24,3.087
,,,12:51:53,,  45.77,,  56.75,4.084
,,,12:51:54,,  49.23,,  51.91,5.112
,,,12:51:55,,  50.67,,  49.67,6.109
12:51:55,*****,Sensor Made,*****
12:51:56,*****,Sensor Broken,*****
,,,12:51:56,,  50.67,,  49.67,0.049
12:51:57,*****,Sensor Made,*****
12:53:38,*****,Sensor Broken,*****
12:53:38,*****,Sensor Made,*****
12:53:39,*****,Sensor Broken,*****
,,,12:53:39,,  52.53,,6.39,0.033
,,,12:53:40,,  37.62,,  70.24,1.085
,,,12:53:41,,  39.40,,  62.02,2.09
,,,12:53:42,,  41.02,,  60.40,3.088
,,,12:53:43,,  40.45,,  60.01,4.085
,,,12:53:44,,  41.03,,  58.51,5.097
,,,12:53:45,,  40.56,,  58.84,6.095
,,,12:53:46,,  41.62,,  57.69,7.083
,,,12:53:47,,  42.39,,  57.17,8.088
,,,12:53:48,,  34.22,,  65.39,9.116
,,,12:53:49,,  61.17,,  47.58,10.082
,,,12:53:50,,  65.76,,  39.46,11.087
,,,12:53:51,,  63.71,,  40.64,12.107
,,,12:53:52,,  63.56,,  40.00,13.092
,,,12:53:53,,  62.84,,  41.10,14.101
,,,12:53:54,,  59.98,,  43.27,15.114
,,,12:53:55,,  57.50,,  45.29,16.095
12:53:56,*****,Sensor Made,*****
12:53:56,*****,Sensor Broken,*****
,,,12:53:56,,  54.27,,  44.27,0.031
,,,12:53:57,,  61.56,,  42.81,1.101
,,,12:53:58,,  63.28,,  41.07,2.106
,,,12:53:59,,  62.28,,  39.74,3.128
,,,12:54:00,,  62.13,,  39.05,4.101
,,,12:54:01,,  59.80,,  41.16,5.121
,,,12:54:02,,  57.85,,  42.97,6.078
,,,12:54:03,,  55.62,,  44.02,7.115
,,,12:54:04,,  56.49,,  43.24,8.128
,,,12:54:05,,  58.15,,  42.43,9.109
,,,12:54:06,,  56.06,,  43.12,10.114
,,,12:54:07,,  56.62,,  41.82,11.118
,,,12:54:08,,  58.43,,  42.38,12.108
,,,12:54:09,,  58.27,,  43.38,13.112
12:54:10,*****,Sensor Made,*****
12:54:10,*****,Sensor Broken,*****
,,,12:54:10,,  53.59,,  52.01,0.047
,,,12:54:11,,  54.71,,  51.11,1.118
,,,12:54:12,,  53.19,,  52.38,2.122
,,,12:54:13,,  51.09,,  53.35,3.079
,,,12:54:14,,  48.88,,  54.61,4.116
,,,12:54:15,,  47.54,,  55.18,5.128
12:54:16,*****,Sensor Made,*****
12:54:18,*****,Sensor Broken,*****
,,,12:54:19,,  54.96,,  48.44,0.048
,,,12:54:20,,  59.92,,  45.35,1.093
,,,12:54:21,,  63.57,,  39.69,2.107
12:54:21,*****,Sensor Made,*****
12:54:22,*****,Sensor Broken,*****
,,,12:54:22,,  61.79,,  41.51,0.031
,,,12:54:23,,  56.33,,  43.49,1.085
,,,12:54:24,,  55.59,,  37.59,2.098
,,,12:54:25,,  57.49,,  42.80,3.08
,,,12:54:26,,  57.25,,  42.44,4.092
,,,12:54:27,,  56.26,,  43.04,5.09
,,,12:54:28,,  54.37,,  43.58,6.118
12:54:28,*****,Sensor Made,*****
12:54:29,*****,Sensor Broken,*****
,,,12:54:29,,  54.37,,  43.58,0.017
,,,12:54:30,,  54.37,,  43.58,0.032
,,,12:54:31,,  54.74,,  50.34,1.085
,,,12:54:32,,  56.55,,  47.70,2.097
,,,12:54:33,,  53.61,,  48.92,3.079
,,,12:54:34,,  52.24,,  49.39,4.092
12:54:34,*****,Sensor Made,*****
12:56:49,*****,Sensor Broken,*****
,,,12:56:49,,  26.65,,  77.76,0.047
,,,12:56:50,,  20.82,,  84.02,1.115
,,,12:56:51,,  27.54,,  78.76,2.105
,,,12:56:52,,  33.75,,  68.40,3.11
,,,12:56:53,,  35.15,,  64.65,4.099
,,,12:56:54,,  36.32,,  62.19,5.105
12:56:54,*****,Sensor Made,*****
12:56:56,*****,Sensor Broken,*****
,,,12:56:56,,  36.32,,  62.19,0.018
,,,12:56:56,,  36.32,,  62.19,0.032
,,,12:56:57,,  44.67,,  59.89,1.085
,,,12:56:58,,  45.56,,  55.24,2.097
,,,12:56:59,,  39.72,,  62.12,3.078
,,,12:57:00,,  38.05,,  65.93,4.092
12:57:00,*****,Sensor Made,*****
12:57:04,*****,Sensor Broken,*****
,,,12:57:04,,  57.65,,  49.31,0.032
12:57:04,*****,Sensor Made,*****
12:57:06,*****,Sensor Broken,*****
,,,12:57:06,,  57.65,,  49.31,0.017
,,,12:57:06,,  57.65,,  49.31,0.031
,,,12:57:08,,  50.99,,  55.41,1.088
,,,12:57:09,,  43.26,,  57.94,2.089
,,,12:57:10,,  44.10,,  56.20,3.085
,,,12:57:10,,  43.96,,  55.24,4.082
,,,12:57:12,,  41.58,,  57.50,5.11
,,,12:57:12,,  41.74,,  55.42,6.077
,,,12:57:14,,  42.58,,  54.48,7.105
,,,12:57:15,,  42.23,,  54.75,8.103
,,,12:57:16,,  41.72,,  54.94,9.1
,,,12:57:17,,  41.47,,  55.38,10.097
,,,12:57:18,,  41.60,,  55.54,11.11
,,,12:57:19,,  40.98,,  55.19,12.091
,,,12:57:20,,  40.58,,  55.24,13.104
,,,12:57:21,,  37.84,,  61.48,14.118
,,,12:57:22,,  27.69,,  73.84,15.099
,,,12:57:23,,  30.67,,  70.91,16.096
,,,12:57:24,,  33.45,,  67.83,17.125
,,,12:57:25,,  32.71,,  69.55,18.089
,,,12:57:26,,  33.29,,  68.97,19.103
,,,12:57:27,,  33.44,,  68.12,20.117
,,,12:57:28,,  32.93,,  69.32,21.098
12:57:28,*****,Sensor Made,*****
12:57:52,*****,Sensor Broken,*****
,,,12:57:52,,  32.93,,  69.32,0.033
,,,12:57:53,,  55.62,,  50.09,1.085
,,,12:57:54,,  63.13,,  39.82,2.114
,,,12:57:55,,  62.76,,  39.20,3.079
,,,12:57:56,,  60.48,,  40.55,4.091
,,,12:57:57,,  59.85,,  41.32,5.121
,,,12:57:58,,  59.19,,  41.34,6.086
,,,12:57:59,,  58.06,,  41.70,7.082
,,,12:58:00,,  55.83,,  43.57,8.119
,,,12:58:01,,  55.15,,  43.96,9.076
,,,12:58:02,,  54.17,,  44.77,10.121
,,,12:58:03,,  50.02,,  51.25,11.118
,,,12:58:04,,  48.73,,  53.02,12.084
,,,12:58:05,,  51.26,,  49.47,13.113
,,,12:58:06,,  50.12,,  50.02,14.125
,,,12:58:07,,  50.43,,  48.54,15.075
,,,12:58:08,,  49.62,,  49.37,16.119
,,,12:58:09,,  48.61,,  49.10,17.116
,,,12:58:10,,  48.41,,  50.04,18.113
,,,12:58:11,,  49.03,,  50.21,19.11
,,,12:58:12,,  50.24,,  49.70,20.115
,,,12:58:13,,  48.85,,  50.55,21.103
,,,12:58:14,,  46.81,,  51.22,22.116
,,,12:58:15,,  45.79,,  51.54,23.113
,,,12:58:16,,  49.09,,  49.48,24.111
,,,12:58:17,,  31.78,,  70.08,25.107
,,,12:58:18,,  37.07,,  63.09,26.104
,,,12:58:19,,  41.41,,  57.18,27.101
,,,12:58:20,,  42.77,,  55.15,28.13
12:58:20,*****,Sensor Made,*****
12:58:22,*****,Sensor Broken,*****
,,,12:58:22,,  50.49,,  55.09,0.047
,,,12:58:23,,  50.05,,  55.81,1.101
,,,12:58:24,,  49.51,,  53.16,2.113
,,,12:58:25,,  50.41,,  51.21,3.111
12:58:25,*****,Sensor Made,*****
12:58:40,*****,Sensor Broken,*****
,,,12:58:40,,  68.57,,  37.77,0.033
,,,12:58:41,,  68.45,,  38.50,1.085
,,,12:58:42,,  48.01,,  54.71,2.09
,,,12:58:43,,  55.24,,  47.80,3.11
,,,12:58:44,,  59.53,,  41.10,4.099
,,,12:58:45,,  61.21,,  38.65,5.104
,,,12:58:46,,  56.17,,  44.15,6.077
,,,12:58:47,,  55.48,,  44.90,7.097
,,,12:58:48,,  57.03,,  42.55,8.102
,,,12:58:49,,  62.84,,  36.70,9.091
,,,12:58:50,,  64.63,,  34.84,10.096
,,,12:58:51,,  65.45,,  35.52,11.1
,,,12:58:52,,  66.70,,  34.19,12.089
,,,12:58:53,,  66.50,,  33.97,13.094
,,,12:58:54,,  66.39,,  33.49,14.099
,,,12:58:55,,  66.13,,  33.38,15.104
,,,12:58:56,,  67.05,,  34.05,16.094
,,,12:58:57,,  61.33,,  39.76,17.098
12:58:58,*****,Sensor Made,*****
12:58:59,*****,Sensor Broken,*****
,,,12:58:59,,  61.33,,  39.76,0.016
,,,12:58:59,,  61.33,,  39.76,0.032
,,,12:59:00,,  63.34,,  43.45,1.117
,,,12:59:01,,  64.52,,  37.10,2.122
,,,12:59:02,,  60.75,,  39.65,3.095
12:59:03,*****,Sensor Made,*****
12:59:06,*****,Sensor Broken,*****
,,,12:59:06,,  53.30,,  55.93,0.048
,,,12:59:07,,  56.95,,  52.10,1.117
,,,12:59:08,,  65.29,,  41.09,2.113
,,,12:59:09,,  65.05,,  39.55,3.11
12:59:09,*****,Sensor Made,*****
12:59:11,*****,Sensor Broken,*****
,,,12:59:11,,  59.67,,  48.33,0.048
,,,12:59:12,,  60.18,,  48.11,1.1
,,,12:59:13,,  61.40,,  44.55,2.107
12:59:14,*****,Sensor Made,*****
13:03:04,*****,Stopped Session,*****
